date,source,amount,category
2024-10-15,Employer payroll,9500.00,Salary
2024-10-31,Employer payroll,9500.00,Salary
2024-11-07,Freelance project,5663.00,Freelance
2024-11-15,Employer payroll,9500.00,Salary
2024-11-30,Employer payroll,9500.00,Salary
2024-12-15,Employer payroll,9500.00,Salary
2024-12-20,Aguinaldo,9500.00,Bonus
2024-12-25,Freelance project,2967.00,Freelance
2024-12-31,Employer payroll,9500.00,Salary
2025-01-15,Employer payroll,9500.00,Salary
2025-01-31,Employer payroll,9500.00,Salary
2025-02-15,Employer payroll,9500.00,Salary
2025-02-28,Employer payroll,9500.00,Salary
2025-03-10,Freelance project,6171.00,Freelance
2025-03-15,Employer payroll,9500.00,Salary
2025-03-31,Employer payroll,9500.00,Salary
2025-04-15,Employer payroll,9500.00,Salary
2025-04-30,Employer payroll,9500.00,Salary
2025-05-15,Employer payroll,9500.00,Salary
2025-05-17,Freelance project,6422.00,Freelance
2025-05-31,Employer payroll,9500.00,Salary
2025-06-15,Employer payroll,9500.00,Salary
2025-06-30,Employer payroll,9500.00,Salary
2025-07-15,Employer payroll,9500.00,Salary
2025-07-31,Employer payroll,9500.00,Salary
2025-08-15,Employer payroll,9500.00,Salary
2025-08-31,Employer payroll,9500.00,Salary
2025-09-15,Employer payroll,9500.00,Salary
2025-09-30,Employer payroll,9500.00,Salary
2025-10-05,Freelance project,1888.00,Freelance
2025-10-15,Employer payroll,11500.00,Salary
2025-10-31,Employer payroll,11500.00,Salary
2025-11-15,Employer payroll,11500.00,Salary
2025-11-25,Freelance project,4660.00,Freelance
2025-11-30,Employer payroll,11500.00,Salary
2025-12-13,Freelance project,2890.00,Freelance
2025-12-15,Employer payroll,11500.00,Salary
2025-12-20,Aguinaldo,11500.00,Bonus
2025-12-31,Employer payroll,11500.00,Salary
2026-01-15,Employer payroll,11500.00,Salary
2026-01-31,Employer payroll,11500.00,Salary
2026-02-15,Employer payroll,11500.00,Salary
2026-02-25,Freelance project,6296.00,Freelance
2026-02-28,Employer payroll,11500.00,Salary
2026-03-15,Employer payroll,11500.00,Salary
2026-03-24,Freelance project,2058.00,Freelance
2026-03-31,Employer payroll,11500.00,Salary
2026-04-15,Employer payroll,11500.00,Salary
2026-04-30,Employer payroll,11500.00,Salary
2026-05-15,Employer payroll,11500.00,Salary
2026-05-31,Employer payroll,11500.00,Salary
2026-06-13,Freelance project,4085.00,Freelance
2026-06-15,Employer payroll,11500.00,Salary
2026-06-30,Employer payroll,11500.00,Salary
2026-07-09,Freelance project,3890.00,Freelance
2026-07-15,Employer payroll,11500.00,Salary
2026-07-31,Employer payroll,11500.00,Salary
2026-08-07,Freelance project,2726.00,Freelance
2026-08-15,Employer payroll,11500.00,Salary
2026-08-31,Employer payroll,11500.00,Salary
2026-09-15,Employer payroll,11500.00,Salary
2026-09-30,Employer payroll,11500.00,Salary
