ticker,shares,buy_price,buy_date
VOO,0.1672,376.81,2023-10-20
VOO,0.1833,365.59,2023-11-20
GOOGL,0.7246,133.86,2023-12-11
VOO,0.2103,370.91,2023-12-20
VOO,0.2164,355.80,2024-01-20
VOO,0.2283,372.31,2024-02-20
MSFT,0.3179,314.52,2024-03-16
VOO,0.2387,360.21,2024-03-20
AAPL,0.4146,200.18,2024-04-13
VOO,0.1914,350.03,2024-04-20
MSFT,0.3558,328.82,2024-05-14
VOO,0.2471,339.96,2024-05-20
VOO,0.2283,359.18,2024-06-20
VOO,0.1685,373.92,2024-07-20
VOO,0.1951,379.29,2024-08-20
VOO,0.2253,377.30,2024-09-20
VOO,0.2379,357.32,2024-10-20
VOO,0.1816,357.88,2024-11-20
QQQ,0.1030,456.51,2024-12-08
VOO,0.2200,395.44,2024-12-20
QQQ,0.1095,456.45,2025-01-16
VOO,0.1552,405.97,2025-01-20
VOO,0.2110,402.90,2025-02-20
VOO,0.1736,414.71,2025-03-20
VOO,0.2037,427.17,2025-04-20
VOO,0.2036,397.83,2025-05-20
MSFT,0.2437,303.66,2025-05-21
VOO,0.1892,385.75,2025-06-20
VOO,0.1678,381.35,2025-07-20
VOO,0.2126,376.36,2025-08-20
MSFT,0.3421,277.69,2025-09-18
VOO,0.2149,400.17,2025-09-20
VOO,0.2211,398.03,2025-10-20
VOO,0.1843,379.85,2025-11-20
MSFT,0.3800,252.64,2025-12-17
VOO,0.2174,354.16,2025-12-20
VOO,0.2502,319.73,2026-01-20
MSFT,0.2520,261.89,2026-02-14
VOO,0.1914,318.78,2026-02-20
VOO,0.2579,321.85,2026-03-20
VOO,0.2092,320.20,2026-04-20
VOO,0.2232,340.54,2026-05-20
VOO,0.2135,351.35,2026-06-20
AAPL,0.2599,280.91,2026-07-15
VOO,0.2184,361.78,2026-07-20
VOO,0.2257,332.28,2026-08-20
VOO,0.2552,344.76,2026-09-20
